KEY,DESC TEXT,LINE LAYER,LINE TYPE,COLOR,LINES,EXCLUDE FROM DTM,SYMBOL,POINT SIZE,POINT COLOR,LINE COLOR,CONNECT,2D
BLDG,BUILDING,BUILDING,ByLayer,255,1,1,DOT,8,,,1,0
CALC,Calculated,PLAN-Calculation,ByLayer,1,1,1,DOT,8,,,1,0
CLF,Chain Link Fence,FENCE-CHAINLINK,FENCE,30,1,1,DOT,8,,,1,0
DT,(DT DIA),TREE,ByLayer,106,1,1,DOT,8,,,1,0
EA,Edge of Asphalt,SURFACE-ASPHALT,ByLayer,255,1,0,DOT,8,,,1,0
FDIB,Found IB,PLAN-MONUMENT,ByLayer,6,1,1,DOT,8,,,1,0
FDSIB,Found SIB OR SSIB,PLAN-MONUMENT,ByLayer,6,1,1,DOT,8,,,1,0
FH,FH,WATERSERVICE-FIREHYDRANT,ByLayer,4,1,1,DOT,8,,,1,0
G,Spot Elevation,SURFACE-SPOTELEVATION,ByLayer,252,1,0,DOT,8,,,1,0
MH,Manhole,MANHOLE,ByLayer,5,1,0,DOT,8,,,1,0
SETIB,Set Iron Bar,PLAN-MONUMENT,ByLayer,6,1,1,DOT,8,,,1,0
TRAV,Traverse,PLAN-CONTROL,ByLayer,1,1,1,DOT,8,,,1,0
UP,Hydro Pole,POLE-HYDRO,ByLayer,14,1,1,DOT,8,,,1,0
