Point,Northing,Easting,Elevation,Code,Description,Time,VerticalDatum,EllipsoidalHeight_m,GeoidSeparation_m
1,4855400.0000,662700.0000,100.1200,FDIB,(OU),2026-09-20 10:01:00,CGVD28,,
2,4855401.1800,662710.0200,100.2000,FDSIB,,2026-09-20 10:02:00,CGVD28,,
3,4855400.5200,662720.1100,100.3100,SETIB,,2026-09-20 10:03:00,CGVD28,,
4,4855440.3100,662721.0200,101.0500,SETIB,,2026-09-20 10:04:00,CGVD28,,
5,4855440.0200,662699.4100,100.9400,FDIB,(1005),2026-09-20 10:05:00,CGVD28,,
10,4855412.0000,662704.0000,100.6000,BLDG,,2026-09-20 10:10:00,CGVD28,,
11,4855412.1000,662716.0000,100.6100,BLDG,,2026-09-20 10:11:00,CGVD28,,
12,4855426.1000,662715.8500,100.6200,BLDG,,2026-09-20 10:12:00,CGVD28,,
13,4855426.0000,662703.8500,100.6000,BLDG,,2026-09-20 10:13:00,CGVD28,,
20,4855438.9000,662700.8000,100.9000,CLF,,2026-09-20 10:20:00,CGVD28,,
21,4855439.2000,662710.5000,100.9500,CLF,,2026-09-20 10:21:00,CGVD28,,
22,4855439.5000,662720.2000,101.0000,CLF,,2026-09-20 10:22:00,CGVD28,,
30,4855394.0000,662705.0000,99.8000,MH,,2026-09-20 10:30:00,CGVD28,,
31,4855397.5000,662719.0000,99.9500,FH,,2026-09-20 10:31:00,CGVD28,,
32,4855397.6000,662698.5000,99.9000,UP,,2026-09-20 10:32:00,CGVD28,,
33,4855432.0000,662708.0000,100.8000,DT,0.4,2026-09-20 10:33:00,CGVD28,,
40,4855396.0000,662692.0000,99.7000,EA,,2026-09-20 10:40:00,CGVD28,,
41,4855396.8000,662704.0000,99.7500,EA,,2026-09-20 10:41:00,CGVD28,,
42,4855396.9000,662715.0000,99.8000,EA,,2026-09-20 10:42:00,CGVD28,,
43,4855395.8000,662728.0000,99.8500,EA,,2026-09-20 10:43:00,CGVD28,,
50,4855391.0000,662730.0000,99.5000,TRAV,,2026-09-20 10:50:00,CGVD28,,
